0.,0.75,30.,0.,0.0438791280945,0.,0.
0.075,1.3375,26.5,0.0615103952107,0.0270151152934,0.0809301070202,0.0798038631084
0.20875,1.735,22.375,0.175471231425,0.00353686008339,0.226483233677,0.223543407523
0.38225,1.93540625,18.0875,0.330087339008,-0.0208073418274,0.423575030313,0.419051108743
0.575790625,1.9496078125,14.0434375,0.511494864517,-0.0400571807773,0.656236147153,0.651470367141
0.77075140625,1.802880625,10.566203125,0.704564880375,-0.04949962483,0.906571421471,0.90391566078
0.95103946875,1.53059801172,7.8814890625,0.893911554397,-0.0468228343645,1.15609889889,1.15836620515
1.10409926992,1.17371510215,6.11266769531,1.0651062074,-0.0326821810432,1.38742057395,1.39692868022
1.22147078014,0.774444987734,5.28554488086,1.20597836299,-0.0105397899715,1.5859153912,1.60345521166
1.29891527891,0.372466537381,5.34070363887,1.30778214515,0.0141831092732,1.74104093668,1.76524471561
1.33616193265,0.00190840551809,6.15127005865,1.36600110907,0.0354334887146,1.84698709002,1.87440084376
1.3363527732,-0.310748393539,7.5437906495,1.38064876128,0.0480085143325,1.9026689986,1.92851553543
1.30527793385,-0.547806201812,9.31998569292,1.35601724118,0.0488293812864,1.91119280794,1.93056825629
1.25049731366,-0.700569860237,11.2773978635,1.29989373333,0.0376951127172,1.87896696677,1.88809668146
1.18044032764,-0.768765833893,13.2273413178,1.22233836386,0.0173317658918,1.81463220378,1.81180294169
1.10356374425,-0.75932883886,15.0090213804,1.13422642647,-0.00727500169043,1.72797333956,1.71387667622
1.02763086037,-0.684752668539,16.4991876212,1.04584279713,-0.0301005951342,1.62894676033,1.60639503133
0.959155593512,-0.561210037884,17.6171574575,0.965786208967,-0.0455565130942,1.52690515726,1.50009663358
0.903034589724,-0.406635738785,18.3254657151,0.900302996352,-0.0498586078098,1.43004336861,1.40364162341
0.862371015845,-0.238941874459,18.6267304637,0.853030463721,-0.0419535764538,1.34504680773,1.32329926834
0.838476828399,-0.0744978010063,18.5575606779,0.825069205209,-0.0237768463998,1.27690476093,1.26293717565
0.831027048299,0.0730347060299,18.1804615034,0.81531338472,0.000221284899403,1.22884968304,1.22420446276
0.838330518902,0.193464155377,17.5747225225,0.820992780851,0.0241652379377,1.20239142564,1.20684676558
0.857676934439,0.280424188194,16.8272157177,0.83837246442,0.0421926979366,1.19742521296,1.20912038029
0.885719353259,0.331350440155,16.0239008478,0.863506975315,0.0498899139589,1.21240062124,1.22827026982
0.918854397274,0.347137089314,15.2426580259,0.892895426972,0.0453723390725,1.24454446206,1.26101092236
0.953568106206,0.331549551424,14.5478628008,0.923888135281,0.0297460331655,1.29013273557,1.3039279906
0.986723061348,0.29047928952,13.9869093226,0.954770896197,0.00683686091039,1.34480527575,1.35373076905
1.0157709903,0.231127484127,13.5886908626,0.984561250163,-0.0177462133394,1.40391134134,1.40733470574
1.03888373871,0.161197584416,13.3638788026,1.01263669421,-0.0379843956429,1.46286639098,1.46181357521
1.05500349715,0.088164208609,13.3067113861,1.03834627257,-0.0489226731409,1.5174924475,1.51430086594
1.06381991802,0.0186694122166,13.3979174361,1.06073634951,-0.0478829740162,1.56431054432,1.561926423
1.06568685924,-0.0419210286225,13.6083587855,1.07847191582,-0.0351198528751,1.60075651525,1.60185531711
1.06149475637,-0.0897871158438,13.9029752852,1.08997908261,-0.0137581669026,1.62530089964,1.63146371733
1.05251604479,-0.122752642741,14.2446518063,1.09377964423,0.0109719981606,1.63746728997,1.64864519106
1.04024078052,-0.14022866033,14.5976893974,1.08893347018,0.0330158354122,1.63775716402,1.65219011711
1.02621791448,-0.143030003933,14.9306433223,1.07545835331,0.0469762446874,1.62749990637,1.64213169577
1.01191491409,-0.133099231039,15.2183796173,1.05458357349,0.0494352309093,1.60865272701,1.61993094994
0.998604990986,-0.113175144664,15.4432902422,1.02873079776,0.0397907484907,1.58357646354,1.5884035973
0.98728747652,-0.0864423164379,15.5956874152,1.00119668397,0.0204041030907,1.55481075973,1.55136998118
0.978643244876,-0.0561942734145,15.673464603,0.975605365437,-0.00397817836393,1.52486727107,1.51310140595
0.973023817534,-0.0255370325019,15.681161216,0.955267819394,-0.0273864630112,1.49605381232,1.4776977933
0.970470114284,0.00284770536278,15.6285986476,0.942601355158,-0.0440895863771,1.47033689463,1.44853542582
0.97075488482,0.0268683193779,15.5292670963,0.938727313396,-0.0499980413197,1.4492456035,1.4278783264
0.973441716758,0.0451143402059,15.3986373829,0.943309011126,-0.0436652320047,1.43381648023,1.41668848743
0.977953150779,0.0568760793321,15.2525526772,0.954647303035,-0.0266416510167,1.42457688025,1.41463135036
0.983640758712,0.0621016748152,15.1058253983,0.970023580993,-0.00309526469972,1.4215628984,1.42026025422
0.989850926194,0.0613044378764,14.9711286024,0.986249318943,0.0212089503668,1.42436704503,1.43135957204
0.995981369981,0.0554357195783,14.8582329125,1.0003298016,0.0403204746956,1.43221015657,1.44540764876
1.00152494194,0.0457392108041,14.7736030771,1.01009257773,0.0495601405932,1.4440313758,1.4600804735
1.00609886302,0.0336018246502,14.7203355261,1.01461209285,0.0466657556032,1.45858941867,1.47367791634
1.00945904548,0.0204143682408,14.6983919875,1.01431029198,0.0323459661164,1.47456785808,1.48535490786
1.01150048231,0.00745242999956,14.7050656256,1.01071279282,0.0101067560194,1.49067698247,1.4950973205
1.01224572531,-0.00421535083275,14.7356057213,1.00594593612,-0.0146069404367,1.50574512147,1.50347104917
1.01182419023,-0.0137878549796,14.7839243104,1.00212855952,-0.035744348439,1.51879329667,1.51124507513
1.01044540473,-0.0207603282371,14.8433125032,1.0008219436,-0.0481302933157,1.52908864411,1.51901271094
1.0083693719,-0.0249237211919,14.9071040398,1.00266042774,-0.048732263786,1.53617411203,1.52691195784
1.00587699978,-0.0263389301585,14.9692373351,1.00722544795,-0.0374028764845,1.53987419142,1.53450252683
1.00324310677,-0.0252918345431,15.0246831007,1.01317516261,-0.0169159605486,1.54027857778,1.54081845138
1.00071392331,-0.0222357927287,15.0697209359,1.01860271352,0.00771257249438,1.5377074148,1.54458645849
0.998490344041,-0.01772834484,15.1020635943,1.02155345946,0.0304527988053,1.53266295354,1.544570357
0.996717509557,-0.0123683693619,15.1208408004,1.0205816357,0.0457371178902,1.52577300979,1.5399631975
0.995480672621,-0.00673898091069,15.126464704,1.0151938469,0.0498233953779,1.51773155945,1.53071502861
0.99480677453,-0.00136018781994,15.1204058893,1.00604296066,0.0417111680253,1.50924129359,1.51768332177
0.994670755748,0.00334609577939,15.1049122106,0.994807672255,0.0233865920124,1.50096211478,1.50254215652
0.995005365326,0.00707752379569,15.08270284,0.983792134777,-0.000663837361153,1.49346854536,1.48746839909
0.995713117706,0.0096594406563,15.0566672495,0.975364410944,-0.0245517361965,1.48721796673,1.47469742197
0.996679061771,0.0110409286561,15.0295940482,0.971389093656,-0.0424285137392,1.4825306068,1.46607185081
0.997783154637,0.0112808970116,15.0039483754,0.972790954482,-0.0499173113724,1.47958129811,1.46268838338
0.998911244338,0.0105268657917,14.9817096588,0.979335239048,-0.0451846102546,1.47840226799,1.46470345511
0.999963930917,0.00898932912128,14.9642746614,0.989658636589,-0.029389140678,1.47889560466,1.47131863387
1.00086286383,0.00691453345017,14.9524244534,1.00154677215,-0.00639818448137,1.48085357014,1.48094381957
1.00155431717,0.00455822364608,14.9463486991,1.01241748728,0.0181592704208,1.48398460329,1.4915204894
1.00201013954,0.00216245087736,14.9457167414,1.01991944488,0.0382707025973,1.48794267642,1.50095993206
1.00222638463,-6.30332999169e-05,14.9497825295,1.02250360212,0.0490121320405,1.49235764083,1.50760865427
1.0022200813,-0.00195388769274,14.9575094605,1.01980724413,0.0477536822024,1.49686432048,1.51061824276
1.00202469253,-0.00339849026449,14.9677015658,1.01273340477,0.0348034654932,1.5011283821,1.51010517792
1.0016848435,-0.00433967770036,14.9791289294,1.00320110939,0.013332146618,1.50486740478,1.50704928039
1.00125087573,-0.00477158863166,14.9906375045,0.993643813791,-0.0114033467242,1.50786606071,1.50296951713
1.00077371687,-0.0047326013458,15.0012362729,0.986402823828,-0.0333469030826,1.50998485787,1.49948583015
1.00030045673,-0.00429554346201,15.010157663,0.98317535304,-0.0471259745525,1.51116243616,1.49789469632
0.999870902387,-0.00355640987292,15.0168900207,0.984639009228,-0.0493669638762,1.51141190273,1.49885803061
0.9995152614,-0.00262277007384,15.0211834883,0.9903167956,-0.0395211987099,1.51081209952,1.50225848619
0.999252984392,-0.00160289833243,15.0230327104,0.998698109643,-0.0199992657494,1.50949498868,1.50723609904
0.999092694559,-0.000596446207167,15.0226412576,1.00759493737,0.00441918496529,1.50763050598,1.51239718027
0.999033049938,0.000312775297429,15.0203734937,1.01467193156,0.027755665076,1.50541027113,1.5161631342
0.999064327468,0.00106160001782,15.0166998391,1.01803720988,0.0442965903635,1.50303146986,1.51719186232
0.99917048747,0.00160984387129,15.0121410662,1.01674007993,0.0499921654324,1.50068205813,1.51476567593
0.999331471857,0.00194033962724,15.0072165178,1.01102869345,0.0434479148657,1.49852820994,1.50902644754
0.99952550582,0.0020570056861,15.0024000787,1.00228702076,0.0262660994409,1.49670466334,1.50097552443
0.999731206388,0.00198140323061,14.9980865118,0.992670926332,0.0026534268107,1.49530833956,1.49223445397
0.999929346711,0.00174829791289,14.994569496,0.984554279605,-0.0216088972442,1.49439533786,1.48464386103
1.0001041765,0.0014007509541,14.992031514,0.979941977429,-0.0405806096172,1.49398116189,1.47982146993
1.0002442516,0.00098522724455,14.990544703,0.979995592132,-0.0496167734575,1.49404382314,1.47879269561
1.00034277432,0.000547134700749,14.9900809812,0.984767717765,-0.0465050207101,1.49452930403,1.48176684745
1.00039748779,0.000127111322463,14.9905292185,0.993186315336,-0.0320072169735,1.49535875077,1.48808937848
1.00041019892,-0.000241733959504,14.9917169509,1.0032889734,-0.00967293023104,1.49643670827,1.49637280525
1.00038602553,-0.000535532195815,14.9934341186,1.01267078097,0.0150296271872,1.49765970349,1.50479001078
1.00033247231,-0.000740325871453,14.9954565071,1.01906244592,0.0360524076934,1.49892452694,1.5114865827
1.00025843972,-0.000851796941473,14.9975669384,1.02090324256,0.0482483014246,1.50013564696,1.51502781654
1.00017326003,-0.000874213707375,14.9995727374,1.01774961083,0.0486313282487,1.50121130932,1.51476097308
1.00008583866,-0.000818801421507,15.001318537,1.01039457282,0.0371077098407,1.50208801398,1.51097798869
1.00000395852,-0.000701760396411,15.0026940152,1.00065993754,0.016498829887,1.50272320962,1.50482223564
0.999933782475,-0.000542152435903,15.0036366546,0.990925441007,-0.00814953903979,1.50309619307,1.49797087852
0.999879567232,-0.000359855068484,15.0041300221,0.983533879467,-0.0308026165845,1.5032073336,1.49219638971
0.999843581725,-0.000173747878168,15.0041983758,0.980231797582,-0.0459141393106,1.50307585249,1.48893406045
0.999826206937,-2.51232443419e-07,15.0038986002,0.981773081921,-0.0497842794218,1.50273647025,1.48895738712
0.999826181814,0.000147710051071,15.0033105505,0.987756510959,-0.0414654916432,1.50223528365,1.49221727766
0.999840952819,0.000261292455286,15.0025268636,0.996718456073,-0.0229945053507,1.50162525272,1.4978623025
0.999867082065,0.000335885455886,15.0016431821,1.00646509125,0.0011063378131,1.50096166532,1.50443356103
0.99990067061,0.000370880223152,15.0007495635,1.01458918303,0.0249363108953,1.50029790922,1.51020664246
0.999937758632,0.000369131501629,14.9999236312,1.01906496039,0.0426610053861,1.49968182411,1.51361994665
0.999974671783,0.000336203746517,14.9992257953,1.01876989014,0.0499407979038,1.49915283485,1.51368782392
1.00000829216,0.000279497548513,14.9986966438,1.01378128918,0.0449933413485,1.49873998979,1.51027677854
1.00003624191,0.000207348420063,14.9983564074,1.00535547344,0.0290299456333,1.49846095008,1.50415166737
1.00005697675,0.000128178796632,14.9982062374,0.995595919151,0.00595900677244,1.49832190306,1.49677393403
1.00006979463,4.976765293e-05,14.9982309208,0.986912002251,-0.018570904774,1.49831830958,1.48991889437
1.0000747714,-2.13173805132e-05,14.9984025888,0.981423221217,-0.0385540111488,1.49843634501,1.4852309076
1.00007263966,-8.01009765878e-05,14.9986849576,0.980459593554,-0.0490977509762,1.49865485869,1.48383508475
1.00006462956,-0.00012338924864,14.9990376601,0.984262123279,-0.0476206490208,1.49894765759,1.48608651262
1.00005229064,-0.000149779231714,14.9994202871,0.991931146744,-0.0344843513568,1.49928591636,1.49149355204
1.00003731272,-0.00015951438658,14.9997958365,1.00162701589,-0.0129050817969,1.49964052759,1.49882095165
1.00002136128,-0.000154221137529,15.0001333631,1.01099185285,0.0118338018673,1.49998422901,1.50635862936
1.00000593916,-0.000136566428693,15.000409723,1.01771609737,0.0336753581162,1.50029337732,1.51231656445
0.99999228252,-0.000109877117648,15.0006103942,1.02012085352,0.047272012229,1.50054927725,1.51526692756
0.999981294808,-7.77592585365e-05,15.0007294437,1.01759725367,0.0492948290791,1.50073901568,1.51451766587
0.999973518882,-4.37497263875e-05,15.0007687664,1.01076987614,0.0392485525534,1.50085579206,1.51030024364
0.99996914391,-1.10250947376e-05,15.0007367696,1.00133256564,0.0195928615215,1.50089877331,1.50370611679
0.9999680414,1.78158718066e-05,15.0006466969,0.991607622486,-0.00485984533584,1.50087253324,1.49639240999
0.999969822988,4.08884322352e-05,15.0005147869,0.983959926397,-0.0281226925619,1.50078616015,1.49015300492
0.999973911831,5.70771708998e-05,15.0003584481,0.980225991606,-0.0445001238356,1.50065213171,1.48648108851
0.999979619548,6.60176036516e-05,15.0001946035,0.981291663593,-0.0499823727983,1.50048506261,1.48622926041
0.999986221308,6.80165201381e-05,15.0000383203,0.986897170065,-0.0432271937038,1.50030042858,1.48942852468
0.99999302296,6.39268806584e-05,14.9999018001,0.995696567568,-0.0258884899895,1.50011336137,1.49528730048
0.999999415648,5.49946256594e-05,14.9997937617,1.00556064594,-0.00221138103309,1.4999375941,1.50236677577
1.00000491511,4.26945898131e-05,14.9997192118,1.01407430969,0.0220071511248,1.49978461717,1.50890873336
1.00000918457,2.85711062967e-05,14.9996795657,1.01912902636,0.0408375651611,1.49966308372,1.51326057187
1.00001204168,1.4096189571e-05,14.9996730563,1.01946326195,0.0496695189861,1.49957848133,1.51430082973
1.0000134513,5.54787256676e-07,14.9996953539,1.01499544313,0.0463406422783,1.49953306585,1.51174318612
1.00001350678,-1.10371136216e-05,14.9997403126,1.00684627491,0.0316659601543,1.49952603488,1.50621826605
1.00001240307,-1.99793927017e-05,14.9998007621,0.9970431765,0.00923834659561,1.49955390348,1.49910332903
1.00001040513,-2.5900876637e-05,14.9998692691,0.987997663872,-0.0154511364083,1.4996110341,1.49215672242
1.00000781504,-2.87424661952e-05,14.9999388098,0.981906875708,-0.0363576423422,1.49969026648,1.4870723976
1.00000494079,-2.87161635386e-05,15.0000033078,0.980233590109,-0.0483625294137,1.49978359187,1.4850764694
1.00000206918,-2.62470433507e-05,15.0000580121,0.983376075031,-0.0485265825825,1.49988281838,1.48665330423
0.999999444473,-2.19056261545e-05,15.0000997062,0.990582426009,-0.0368096359114,1.49998018037,1.49144323181
0.99999725391,-1.63378302885e-05,15.0001267564,1.00011875187,-0.0160804065882,1.50006885391,1.49832077003
0.999995620127,-1.01988272883e-05,15.0001390174,1.00966490529,0.00858586709154,1.50014335075,1.50564162233
0.999994600244,-4.09586042419e-06,15.0001376253,1.01686829163,0.0311500210647,1.50019977507,1.51162294323
0.999994190658,1.45642341672e-06,15.0001247116,1.01993334132,0.0460875634862,1.5002359388,1.51478371428
0.9999943363,6.06616779334e-06,15.0001030753,1.01808909255,0.0497412630064,1.50025134174,1.51433324911
0.999994942917,9.47958819021e-06,15.000075846,1.01179481729,0.0412165665554,1.50024703211,1.51038801721
0.999995890876,1.15822375238e-05,15.0000461681,1.00261899126,0.0226006171336,1.50022536999,1.50394195436
0.9999970491,1.23882141937e-05,15.0000169312,0.99282927353,-0.00154875158656,1.50018972072,1.49659891014
0.999998287921,1.20200097002e-05,14.9999905612,0.984816904766,-0.0253189319037,1.50014410783,1.49015533895
0.999999489922,1.06820926999e-05,14.9999688822,0.980515169927,-0.0428901546622,1.50009285453,1.48615818266
1.00000055813,8.63140343382e-06,14.9999530496,0.980951569857,-0.049960371713,1.50004024099,1.48554857855
1.00000142127,6.14772776056e-06,14.9999435506,0.986020127091,-0.0447985473395,1.49999020031,1.48845877429
1.00000203604,3.50649253785e-06,14.9999402606,0.994506887688,-0.0286684761734,1.4999460712,1.49418780819
1.00000238669,9.55943087097e-07,14.9999425447,1.00436230543,-0.00551936219195,1.49991041917,1.50135500202
1.00000248229,-1.29999892717e-06,14.9999493865,1.01317722162,0.0189810841486,1.49988493203,1.50821055431
1.00000235229,-3.1125742196e-06,14.9999595313,1.0187702147,0.0388342991011,1.49987038957,1.51305302592
1.00000204103,-4.39272709735e-06,14.9999716279,1.01974412743,0.0491795232401,1.49986670173,1.51466228086
1.00000160176,-5.10989069568e-06,14.999984358,1.01585404682,0.0474838848941,1.49987300557,1.51262689023
1.00000109077,-5.28596832149e-06,14.9999965437,1.00807340524,0.0341625354677,1.49988780777,1.50745916956
1.00000056217,-4.98573188946e-06,15.0000072271,0.998337149301,0.0124770058987,1.49990915784,1.50045659334
1.0000000636,-4.30498367997e-06,15.0000157196,0.989041245099,-0.0122633298651,1.49993483614,1.49335579077
0.999999633101,-3.35781973052e-06,15.0000216206,0.982444861407,-0.0340011747794,1.4999625419,1.48788962918
0.999999297319,-2.26421240476e-06,15.0000248095,0.980132356755,-0.0474143462752,1.49999006744,1.48537153052
0.999999070897,-1.138922992e-06,15.0000254145,0.982653660138,-0.0492188321697,1.50001544761,1.48640049813
0.999998957005,-8.24928494765e-08,15.000023765,0.989404850192,-0.0389728313823,1.50003707619,1.49073458036
0.999998948756,8.25225832521e-07,15.0000203339,0.998763436724,-0.0191849222475,1.50005378438,1.49734508174
0.999999031278,1.52882290401e-06,15.0000156761,1.00845685409,0.00530012495106,1.50006487953,1.50464225402
0.999999184161,1.99844750562e-06,15.0000103695,1.01610125969,0.0284875167133,1.50007014558,1.51084084359
0.999999384006,2.2285830728e-06,15.0000049616,1.01979507249,0.0447001708472,1.50006980904,1.51439798151
0.999999606864,2.23492977104e-06,14.9999999283,1.01861190988,0.0499686641848,1.50006447667,1.51441562092
0.999999830357,2.04993897795e-06,14.999995643,1.01284687566,0.0430030858118,1.50005505222,1.51088593796
1.00000003535,1.71757898118e-06,14.9999923607,1.00393900644,0.0255088522471,1.50004264039,1.50469599171
1.00000020711,1.28789116861e-06,14.9999902131,0.994093986838,0.00176916199995,1.5000284463,1.49738837234
1.0000003359,8.11831385591e-07,14.9999892158,0.985721508678,-0.0224036808065,1.50001367823,1.49075717426
1.00000041708,3.36793910902e-07,14.9999892843,0.980845536485,-0.0410913211958,1.49999946019,1.48640240398
1.00000045076,-9.69012496384e-08,14.9999902556,0.980632437026,-0.0497183730464,1.49998675967,1.48535766368
1.00000044107,-4.58400503681e-07,14.9999919138,0.985131110044,-0.0461726331864,1.4999763342,1.48786470982
1.00000039523,-7.27549652205e-07,14.9999940165,0.993264467651,-0.0313222223955,1.49996869857,1.49332518191
1.00000032248,-8.95033553486e-07,14.9999963189,1.00307061301,-0.00880303916149,1.499964113,1.50043134623
1.00000023297,-9.61571759853e-07,14.9999985955,1.01215588047,0.015871435076,1.49996259081,1.50745803988
1.00000013681,-9.36377829089e-07,15.000000656,1.01827464498,0.0366600284712,1.49996392317,1.51267041154
