0.,2.,1.,0.,0.
0.2,2.68,0.8,0.08,-2.
0.468,2.5372,0.532,0.1332,-2.68
0.72172,1.986188,0.27828,0.161028,-2.5372
0.9203388,1.32141052,0.0796612,0.16899412,-1.986188
1.052479852,0.7194916908,-0.052479852,0.1637461348,-1.32141052
1.12442902108,0.262191035932,-0.12442902108,0.151303232692,-0.7194916908
1.15064812467,-0.0339623111557,-0.150648124673,0.136238420225,-0.262191035932
1.14725189356,-0.189971711824,-0.147251893558,0.121513230869,0.0339623111557
1.12825472238,-0.242807542031,-0.128254722375,0.108687758631,0.189971711824
1.10397396817,-0.231061345546,-0.103973968172,0.0982903618142,0.242807542031
1.08086783362,-0.187062761555,-0.0808678336175,0.0902035784524,0.231061345546
1.06216155746,-0.133867072995,-0.062161557462,0.0839874227062,0.187062761555
1.04877485016,-0.0853732991326,-0.0487748501624,0.07910993769,0.133867072995
1.04023752025,-0.0480755043996,-0.0402375202492,0.0750861856651,0.0853732991326
1.03542996981,-0.0233545031341,-0.0354299698092,0.0715431886841,0.0480755043996
1.0330945195,-0.00963255382411,-0.0330945194958,0.0682337367346,0.0233545031341
1.03213126411,-0.00405819481563,-0.0321312641134,0.0650206103232,0.00963255382411
1.03172544463,-0.00363192081145,-0.0317254446318,0.06184806586,0.00405819481563
1.03136225255,-0.00582862490214,-0.0313622525507,0.058711840605,0.00363192081145
1.03077939006,-0.0088391909731,-0.0307793900605,0.0556339015989,0.00582862490214
1.02989547096,-0.0115661829103,-0.0298954709632,0.0526443545026,0.0088391909731
1.02873885267,-0.013490327564,-0.0287388526721,0.0497704692354,0.0115661829103
1.02738981992,-0.0144933163697,-0.0273898199157,0.0470314872438,0.013490327564
1.02594048828,-0.0146901963264,-0.0259404882788,0.0444374384159,0.0144933163697
1.02447146865,-0.0142977439041,-0.0244714686461,0.0419902915513,0.0146901963264
1.02304169426,-0.0135461383377,-0.0230416942557,0.0396861221258,0.0142977439041
1.02168708042,-0.0126298159292,-0.0216870804219,0.0375174140836,0.0135461383377
1.02042409883,-0.011688101422,-0.020424098829,0.0354750042007,0.0126298159292
1.01925528869,-0.0108051527527,-0.0192552886868,0.033549475332,0.011688101422
1.01817477341,-0.0100201252086,-0.0181747734116,0.0317319979908,0.0108051527527
1.01717276089,-0.00934086248395,-0.0171727608907,0.0300147219018,0.0100201252086
1.01623867464,-0.00875692608905,-0.0162386746423,0.0283908544375,0.00934086248395
1.01536298203,-0.00824987087713,-0.0153629820334,0.0268545562342,0.00875692608905
1.01453799495,-0.00780016859032,-0.0145379949457,0.0254007567396,0.00824987087714
1.01375797809,-0.00739108153751,-0.0137579780867,0.024024958931,0.00780016859032
1.01301886993,-0.00701020869689,-0.0130188699329,0.0227230719377,0.00739108153751
1.01231784906,-0.00664951544353,-0.0123178490632,0.0214912870313,0.0070102086969
1.01165289752,-0.00630455548003,-0.0116528975189,0.0203259972795,0.00664951544353
1.01102244197,-0.00597340859935,-0.0110224419709,0.0192237530824,0.00630455548003
1.01042510111,-0.00565566355024,-0.0104251011109,0.0181812429713,0.00597340859936
1.00985953476,-0.00535161179122,-0.0098595347559,0.0171952894957,0.00565566355024
1.00932437358,-0.00506170091115,-0.00932437357677,0.016262852138,0.00535161179122
1.00881820349,-0.00478622563745,-0.00881820348566,0.0153810317894,0.00506170091115
1.00833958092,-0.0045252009653,-0.00833958092191,0.0145470736973,0.00478622563745
1.00788706083,-0.0042783545187,-0.00788706082538,0.0137583676147,0.0045252009653
1.00745922537,-0.00404518292902,-0.00745922537351,0.0130124450774,0.0042783545187
1.00705470708,-0.00382503125643,-0.00705470708061,0.0123069743693,0.00404518292902
1.00667220395,-0.00361716956435,-0.00667220395497,0.0116397539738,0.00382503125643
1.006310487,-0.00342085350529,-0.00631048699853,0.011008705274,0.00361716956435
1.00596840165,-0.00323536493951,-0.00596840164801,0.0104118651092,0.00342085350529
1.00564486515,-0.00306003418412,-0.00564486515405,0.00984737859375,0.0032353649395
1.00533886174,-0.00289424814316,-0.00533886173564,0.00931349242018,0.00306003418412
1.00504943692,-0.00273744918619,-0.00504943692133,0.00880854872805,0.00289424814316
1.004775692,-0.00258912907073,-0.00477569200271,0.00833097952778,0.00273744918619
1.0045167791,-0.00244882110842,-0.00451677909563,0.00787930161821,0.00258912907073
1.00427189698,-0.00231609260406,-0.00427189698479,0.00745211191974,0.00244882110842
1.00404028772,-0.00219053860351,-0.00404028772439,0.0070480831473,0.00231609260406
1.00382123386,-0.00207177726893,-0.00382123386404,0.00666595976089,0.00219053860351
1.00361405614,-0.00195944676157,-0.00361405613714,0.00630455414718,0.00207177726893
1.00341811146,-0.00185320330168,-0.00341811146099,0.00596274300108,0.00195944676157
1.00323279113,-0.00175272002448,-0.00323279113082,0.005639463888,0.00185320330168
1.00305751913,-0.00165768629382,-0.00305751912837,0.00533371197516,0.00175272002448
1.0028917505,-0.00156780721962,-0.00289175049899,0.00504453692526,0.00165768629382
1.00273496978,-0.0014828032163,-0.00273496977703,0.00477103994756,0.00156780721962
1.00258668946,-0.00140240951692,-0.0025866894554,0.00451237100202,0.0014828032163
1.0024464485,-0.00132637561422,-0.0024464485037,0.00426772615165,0.00140240951692
1.00231381094,-0.00125446463425,-0.00231381094228,0.00403634505742,0.00132637561422
1.00218836448,-0.0011864526653,-0.00218836447886,0.00381750860954,0.00125446463425
1.00206971921,-0.001122128069,-0.00206971921233,0.0036105366883,0.0011864526653
1.00195750641,-0.00106129079759,-0.00195750640543,0.00341478604776,0.001122128069
1.00185137733,-0.00100375173494,-0.00185137732567,0.00322964831519,0.00106129079759
1.00175100215,-0.000949332071838,-0.00175100215217,0.00305454809998,0.00100375173494
1.00165606894,-0.000897862720421,-0.00165606894499,0.00288894120548,0.000949332071838
1.00156628267,-0.000849183767923,-0.00156628267295,0.00273231293818,0.000897862720421
1.0014813643,-0.000803143967705,-0.00148136429616,0.00258417650857,0.000849183767924
1.0014010499,-0.000759600263993,-0.00140104989938,0.00244407151863,0.000803143967705
1.00132508987,-0.000718417346637,-0.00132508987299,0.00231156253133,0.000759600263993
1.00125324814,-0.000679467232464,-0.00125324813832,0.0021862377175,0.000718417346637
1.00118530142,-0.000642628870392,-0.00118530141508,0.00206770757599,0.000679467232463
1.00112103853,-0.000607787768081,-0.00112103852804,0.00195560372319,0.000642628870391
1.00106025975,-0.000574835638433,-0.00106025975123,0.00184957774806,0.000607787768081
1.00100277619,-0.000543670064661,-0.00100277618738,0.00174930012933,0.000574835638434
1.00094840918,-0.000514194182934,-0.000948409180919,0.00165445921123,0.000543670064661
1.00089698976,-0.000486316381747,-0.000896989762625,0.00156476023497,0.000514194182935
1.00084835812,-0.000459950017249,-0.000848358124451,0.00147992442253,0.000486316381747
1.00080236312,-0.000435013143822,-0.000802363122726,0.00139968811025,0.000459950017249
1.00075886181,-0.000411428259179,-0.000758861808344,0.00132380192942,0.000435013143822
1.00071771898,-0.000389122063264,-0.000717718982426,0.00125203003118,0.000411428259179
1.00067880678,-0.000368025230264,-0.000678806776099,0.00118414935357,0.000389122063265
1.00064200425,-0.000348072193018,-0.000642004253073,0.00111994892826,0.000368025230264
1.00060719703,-0.000329200939168,-0.000607197033771,0.00105922922488,0.000348072193017
1.00057427694,-0.000311352818396,-0.000574276939854,0.0010018015309,0.000329200939169
1.00054314166,-0.000294472360132,-0.000543141658015,0.000947487365096,0.000311352818396
1.00051369442,-0.000278507101173,-0.000513694422001,0.000896117922895,0.000294472360132
1.00048584371,-0.000263407422648,-0.000485843711884,0.000847533551707,0.000278507101172
1.00045950297,-0.000249126395818,-0.000459502969619,0.000801583254745,0.000263407422647
1.00043459033,-0.000235619636243,-0.000434590330038,0.000758124221741,0.000249126395817
1.00041102837,-0.000222845165848,-0.000411028366414,0.0007170213851,0.000235619636242
1.00038874385,-0.000210763282465,-0.000388743849829,0.000678147000117,0.000222845165849
1.00036766752,-0.000199336436438,-0.000367667521582,0.000641380247959,0.000210763282464
1.00034773388,-0.000188529113931,-0.000347733877939,0.000606606860165,0.000199336436437
1.00032888097,-0.000178307726546,-0.000328880966545,0.00057371876351,0.000188529113931
1.00031105019,-0.000168640506933,-0.000311050193891,0.000542613744121,0.000178307726546
1.00029418614,-0.00015949741006,-0.000294186143198,0.000513195129802,0.000168640506932
1.0002782364,-0.000150850019831,-0.000278236402192,0.000485371489582,0.000159497410059
1.0002631514,-0.000142671460771,-0.000263151400208,0.000459056349562,0.000150850019831
1.00024888425,-0.0001349363145,-0.000248884254131,0.000434167924148,0.00014267146077
1.00023539062,-0.000127620540733,-0.000235390622682,0.00041062886188,0.0001349363145
1.00022262857,-0.000120701402564,-0.000222628568608,0.000388366005019,0.000127620540733
1.00021055843,-0.000114157395801,-0.000210558428352,0.000367310162184,0.000120701402564
1.00019914269,-0.000107968182137,-0.000199142688772,0.000347395893307,0.000114157395801
1.00018834587,-0.000102114525933,-0.000188345870558,0.000328561306251,0.000107968182137
1.00017813442,-9.65782344412e-05,-0.000178134417965,0.000310747864455,0.000102114525933
1.00016847659,-9.13421012591e-05,-0.000168476594521,0.000293900205003,9.65782344409e-05
1.00015934238,-8.63898528556e-05,-0.000159342384395,0.000277965966563,9.13421012583e-05
1.0001507034,-8.17060979942e-05,-0.000150703399109,0.000262895626652,8.63898528558e-05
1.00014253279,-7.72762798955e-05,-0.00014253278931,0.000248642347721,8.17060979941e-05
1.00013480516,-7.3086630999e-05,-0.00013480516132,0.000235161831589,7.72762798951e-05
1.0001274965,-6.9124130173e-05,-0.000127496498221,0.000222412181767,7.30866309984e-05
1.00012058409,-6.53764622461e-05,-0.000120584085203,0.000210353773247,6.91241301731e-05
1.00011404644,-6.18319797312e-05,-0.000114046438979,0.000198949129349,6.5376462246e-05
1.00010786324,-5.84796666283e-05,-0.000107863241005,0.000188162805248,6.18319797319e-05
1.00010201527,-5.53091041854e-05,-0.000102015274343,0.000177961277814,5.84796666292e-05
1.00009648436,-5.23104385188e-05,-9.6484363924e-05,0.000168312841422,5.53091041855e-05
1.00009125332,-4.94743499888e-05,-9.12533200721e-05,0.000159187509415,5.23104385186e-05
1.00008630589,-4.67920242332e-05,-8.63058850733e-05,0.000150556920907,4.94743499879e-05
1.00008162668,-4.42551247742e-05,-8.162668265e-05,0.000142394252642,4.67920242331e-05
1.00007720117,-4.1855767107e-05,-7.72011701726e-05,0.000134674135625,4.42551247737e-05
1.00007301559,-3.95864941987e-05,-7.30155934618e-05,0.000127372576279,4.18557671078e-05
1.00006905694,-3.74402533085e-05,-6.9056944042e-05,0.000120466881875,3.95864941982e-05
1.00006531292,-3.54103740731e-05,-6.53129187111e-05,0.000113935590004,3.74402533088e-05
1.00006177188,-3.3490547771e-05,-6.17718813039e-05,0.000107758401873,3.5410374073e-05
1.00005842283,-3.16748077184e-05,-5.84228265268e-05,0.00010191611922,3.34905477706e-05
1.00005525535,-2.99575107243e-05,-5.52553457549e-05,9.6390584645e-05,3.16748077189e-05
1.00005225959,-2.833331955e-05,-5.22595946826e-05,9.11646251767e-05,2.99575107232e-05
1.00004942626,-2.67971863263e-05,-4.94262627275e-05,8.6221998904e-05,2.83333195505e-05
1.00004674654,-2.53443368582e-05,-4.6746544095e-05,8.15473444945e-05,2.67971863255e-05
1.00004421211,-2.39702557938e-05,-4.42121104092e-05,7.71261334536e-05,2.53443368581e-05
1.00004181508,-2.26706725858e-05,-4.18150848298e-05,7.29446249706e-05,2.39702557936e-05
1.00003954802,-2.14415482219e-05,-3.95480175712e-05,6.89898232135e-05,2.26706725859e-05
1.00003740386,-2.02790626703e-05,-3.74038627491e-05,6.52494369386e-05,2.14415482214e-05
