0.2,0.,0.,0.
0.46,0.2,0.,-2.
0.698,0.46,0.2,-2.6
0.8774,0.698,0.46,-2.38
0.99162,0.8774,0.698,-1.794
1.050406,0.99162,0.8774,-1.1422
1.0697178,1.050406,0.99162,-0.58786
1.06543014,1.0697178,1.050406,-0.193118
1.050200282,1.06543014,1.0697178,0.0428766
1.0325452966,1.050200282,1.06543014,0.15229858
1.01720874458,1.0325452966,1.050200282,0.176549854
1.00609871965,1.01720874458,1.0325452966,0.1533655202
0.99932396326,1.00609871965,1.01720874458,0.11110024926
0.996071792411,0.99932396326,1.00609871965,0.067747563938
0.995231348505,0.996071792411,0.99932396326,0.0325217084894
0.99576485685,0.995231348505,0.996071792411,0.00840443906722
0.996878639653,0.99576485685,0.995231348505,-0.00533508345731
0.998059803124,0.996878639653,0.99576485685,-0.0111378280281
0.999038424234,0.998059803124,0.996878639653,-0.0118116347079
0.999720049943,0.999038424234,0.998059803124,-0.00978621110621
1.00011685281,0.999720049943,0.999038424234,-0.00681625708412
1.00029188368,1.00011685281,0.999720049943,-0.00396802865625
1.00032102238,1.00029188368,1.00011685281,-0.00175030871107
1.00027138725,1.00032102238,1.00029188368,-0.000291386996263
1.00019229224,1.00027138725,1.00032102238,0.000496351260393
1.00011428628,1.00019229224,1.00027138725,0.000790950136642
1.00005242605,1.00011428628,1.00019229224,0.000780059547438
1.00001101072,1.00005242605,1.00011428628,0.000618602343347
0.999988100915,1.00001101072,1.00005242605,0.000414153272634
0.999979025828,0.999988100915,1.00001101072,0.00022909808275
0.999978683119,0.999979025828,0.999988100915,9.07508712578e-05
0.99998277514,0.999978683119,0.999979025828,3.42709126078e-06
0.999988266123,0.99998277514,0.999978683119,-4.09202169904e-05
0.99999335839,0.999988266123,0.99998277514,-5.49098277181e-05
0.999997232845,0.99999335839,0.999988266123,-5.09226675383e-05
0.999999723504,0.999997232845,0.99999335839,-3.87445539407e-05
1.00000102413,0.999999723504,0.999997232845,-2.49065863533e-05
1.00000146962,1.00000102413,0.999999723504,-1.30062852888e-05
1.00000139844,1.00000146962,1.00000102413,-4.45487770007e-06
1.00000108316,1.00000139844,1.00000146962,7.11801635411e-07
1.00000070889,1.00000108316,1.00000139844,3.15278097629e-06
1.00000037998,1.00000070889,1.00000108316,3.74271445169e-06
1.00000013952,1.00000037998,1.00000070889,3.28913829728e-06
0.999999991393,1.00000013952,1.00000037998,2.40452256106e-06
0.999999919049,0.999999991393,1.00000013952,1.48131018118e-06
0.999999899067,0.999999919049,0.999999991393,7.2344195523e-07
0.999999909263,0.999999899067,0.999999919049,1.99819450986e-07
0.999999932508,0.999999909263,0.999999899067,-1.01955691667e-07
0.999999957629,0.999999932508,0.999999909263,-2.32452124216e-07
0.999999978664,0.999999957629,0.999999932508,-2.51209915092e-07
0.999999993448,0.999999978664,0.999999957629,-2.10346827734e-07
1.00000000215,0.999999993448,0.999999978664,-1.47845918841e-07
1.00000000607,1.00000000215,0.999999993448,-8.70262795161e-08
1.00000000682,1.00000000607,1.00000000215,-3.92112053937e-08
1.00000000583,1.00000000682,1.00000000607,-7.46142703179e-09
1.00000000417,1.00000000583,1.00000000682,9.90574733351e-09
1.0000000025,1.00000000417,1.00000000583,1.66081859376e-08
1.00000000117,1.0000000025,1.00000000417,1.66377667199e-08
1.00000000027,1.00000000117,1.0000000025,1.33250055434e-08
0.999999999766,1.00000000027,1.00000000117,9.00362229217e-09
0.999999999561,0.999999999766,1.00000000027,5.04220665221e-09
0.999999999546,0.999999999561,0.999999999766,2.05305772383e-09
0.999999999629,0.999999999546,0.999999999561,1.47871714873e-10
0.999999999745,0.999999999629,0.999999999546,-8.34295965646e-10
0.999999999854,0.999999999745,0.999999999629,-1.15851994664e-09
0.999999999938,0.999999999854,0.999999999745,-1.08892783679e-09
0.999999999992,0.999999999938,0.999999999854,-8.36346547572e-10
1.00000000002,0.999999999992,0.999999999938,-5.42786926516e-10
1.00000000003,1.00000000002,0.999999999992,-2.87450063752e-10
1.00000000003,1.00000000003,1.00000000002,-1.02291508597e-10
1.00000000002,1.00000000003,1.00000000003,1.07469588784e-11
1.00000000002,1.00000000002,1.00000000003,6.51168008403e-11
1.00000000001,1.00000000002,1.00000000002,7.92788057424e-11
1.,1.00000000001,1.00000000002,7.05036029558e-11
1.,1.,1.00000000001,5.20139487037e-11
0.999999999998,1.,1.,3.23674420599e-11
0.999999999998,0.999999999998,1.,1.60704782814e-11
0.999999999998,0.999999999998,0.999999999998,4.70845584744e-12
0.999999999999,0.999999999998,0.999999999998,-1.91513471748e-12
0.999999999999,0.999999999999,0.999999999998,-4.84390305644e-12
1.,0.999999999999,0.999999999999,-5.33906252542e-12
1.,1.,0.999999999999,-4.51860771022e-12
1.,1.,1.,-3.20521387209e-12
1.,1.,1.,-1.90736315631e-12
1.,1.,1.,-8.77076189454e-13
1.,1.,1.,-1.86517468137e-13
1.,1.,1.,1.95399252334e-13
1.,1.,1.,3.48610029732e-13
1.,1.,1.,3.5527136788e-13
1.,1.,1.,2.86437540353e-13
1.,1.,1.,1.95399252334e-13
1.,1.,1.,1.11022302463e-13
1.,1.,1.,4.66293670343e-14
1.,1.,1.,5.55111512313e-15
1.,1.,1.,-1.66533453694e-14
1.,1.,1.,-2.44249065418e-14
1.,1.,1.,-2.33146835171e-14
1.,1.,1.,-1.7763568394e-14
1.,1.,1.,-1.22124532709e-14
1.,1.,1.,-6.66133814775e-15
1.,1.,1.,-2.22044604925e-15
1.,1.,1.,0.
1.,1.,1.,2.22044604925e-15
1.,1.,1.,2.22044604925e-15
1.,1.,1.,2.22044604925e-15
1.,1.,1.,1.11022302463e-15
1.,1.,1.,0.
1.,1.,1.,0.
1.,1.,1.,0.
1.,1.,1.,0.
1.,1.,1.,0.
1.,1.,1.,0.
1.,1.,1.,0.
1.,1.,1.,0.
1.,1.,1.,0.
1.,1.,1.,0.
1.,1.,1.,0.
1.,1.,1.,0.
1.,1.,1.,0.
1.,1.,1.,0.
1.,1.,1.,0.
1.,1.,1.,0.
1.,1.,1.,0.
1.,1.,1.,0.
1.,1.,1.,0.
1.,1.,1.,0.
1.,1.,1.,0.
1.,1.,1.,0.
1.,1.,1.,0.
1.,1.,1.,0.
1.,1.,1.,0.
1.,1.,1.,0.
1.,1.,1.,0.
1.,1.,1.,0.
1.,1.,1.,0.
1.,1.,1.,0.
1.,1.,1.,0.
1.,1.,1.,0.
1.,1.,1.,0.
1.,1.,1.,0.
1.,1.,1.,0.
1.,1.,1.,0.
1.,1.,1.,0.
